,,,,,,,
56.38867,51.2734,52.26172,51.8965,54.45703,50.1348,56.12891,50.9434
56.38672,51.291,52.39844,51.8965,54.5293,50.3398,56.38867,51.2734
56.34375,51.5137,52.75977,52.2969,54.26953,50.1621,56.38672,51.291
56.18555,51.7617,52.98633,52.9102,54.00586,50.0879,56.34375,51.5137
55.75,51.9395,52.95508,53.541,53.76172,50.1523,56.18555,51.7617
55.25195,52.1035,53.01953,53.8398,53.67383,50.3828,55.75,51.9395
55.0293,52.334,52.92578,54.0488,53.67578,50.8008,55.25195,52.1035
54.75,52.5801,52.54688,53.6719,53.56055,51.0781,55.0293,52.334
54.6582,52.8477,52.34766,53.2266,53.38477,51.1406,54.75,52.5801
54.92383,52.9824,52.00195,52.5273,53.35938,51.1113,54.6582,52.8477
55.33203,53.041,51.60938,52.2031,53.80078,51.0156,54.92383,52.9824
55.85547,53.0215,51.34766,51.8262,53.94727,50.9492,55.33203,53.041
56.18555,52.8984,51.27539,51.7598,54.2207,50.8301,55.85547,53.0215
56.30078,52.7832,51.48242,51.8535,53.9707,50.9023,56.18555,52.8984
56.25977,52.4531,51.36328,51.8379,53.72461,51.0039,56.30078,52.7832
55.78711,52.4258,51.50391,51.7188,53.25,50.9629,56.25977,52.4531
55.48438,52.1758,51.73828,51.6191,52.88086,51.2949,55.78711,52.4258
55.18164,51.7793,51.87109,51.8691,52.92188,51.2969,55.48438,52.1758
54.80664,51.3516,52.12891,52.1641,52.89062,51.1562,55.18164,51.7793
54.74219,51.2969,52.12305,52.1719,53.42383,50.9414,54.80664,51.3516
54.69727,51.0039,52.09766,52.1465,53.82812,50.6484,54.74219,51.2969
54.73438,51.127,51.97852,52.209,54.61133,50.6074,54.69727,51.0039
54.99414,50.8301,51.98633,52.3086,54.30273,50.6523,54.73438,51.127
54.74219,50.8574,52.14258,52.4648,54.34961,50.3867,54.99414,50.8301
54.67383,50.6602,52.37305,53.0488,53.91602,50.3223,54.74219,50.8574
54.13867,50.6211,52.19727,53.1133,53.73633,50.5391,54.67383,50.6602
53.70117,50.6641,52.48242,53.1738,53.48633,50.2227,54.13867,50.6211
53.30273,50.6387,52.59766,53.1953,53.22461,50.3887,53.70117,50.6641
52.97656,50.8242,52.82617,52.9316,53.09961,50.6543,53.30273,50.6387
52.80859,51.0488,52.95703,52.668,52.67383,51.168,52.97656,50.8242
52.77344,51.3086,52.98438,52.9336,52.19531,51.5352,52.80859,51.0488
53.20312,51.7168,52.51172,52.8203,52.22656,51.5605,52.77344,51.3086
53.54688,52.1777,52.02734,52.8613,52.08789,51.0352,53.20312,51.7168
53.66406,52.416,51.76172,53.0078,52.24023,50.5938,53.54688,52.1777
53.79492,52.293,51.8457,53.4707,52.37305,50.4121,53.66406,52.416
53.69336,51.6758,51.93945,53.6699,52.45508,50.3418,53.79492,52.293
53.56445,51.8516,51.75977,53.791,52.60156,50.8086,53.69336,51.6758
53.56641,51.2754,51.5918,53.4766,52.32031,50.9238,53.56445,51.8516
53.51367,51.4492,51.31445,53.082,52.35352,51.1055,53.56641,51.2754
53.61133,51.7754,51.55664,52.9453,52.36328,51.2969,53.51367,51.4492
53.8125,51.9727,51.68555,52.5859,52.35352,51.2988,53.61133,51.7754
53.58984,52.418,51.68945,52.1699,52.66602,51.2988,53.8125,51.9727
53.7168,52.3359,51.9707,51.5898,52.68164,51.3242,53.58984,52.418
53.30859,52.5605,52.39258,51.1348,52.70898,51.2578,53.7168,52.3359
53.08984,52.6973,52.61719,50.7207,52.70703,51.3555,53.30859,52.5605
53.44922,52.7129,53.07422,50.9863,52.93945,51.4805,53.08984,52.6973
53.73828,52.6992,53.2168,51.3535,52.84375,51.6504,53.44922,52.7129
53.89062,52.543,53.13086,51.8906,52.84375,51.998,53.73828,52.6992
53.75,51.9844,53.01758,52.7754,52.93164,51.9883,53.89062,52.543
53.49219,51.5391,52.9707,53.0918,52.94336,52.0586,53.75,51.9844
53.61133,51.2812,52.5918,52.7695,53.41406,52.2578,53.49219,51.5391
53.36914,51.3203,52.54102,52.5625,53.83984,52.123,53.61133,51.2812
52.90625,51.5723,52.40039,52.2969,54.39844,52.0625,53.36914,51.3203
52.98242,51.8418,52.4375,52.5801,54.38477,52.0488,52.90625,51.5723
53.16016,52.3496,52.29102,53.752,54.30859,52.0879,52.98242,51.8418
52.82812,52.7246,51.89258,55.0605,53.83008,52.0352,53.16016,52.3496
52.36719,52.7266,51.59766,55.4609,53.21289,51.7578,52.82812,52.7246
52.02344,52.7246,51.375,55.1934,52.55859,51.6211,52.36719,52.7266
51.67188,52.2402,51.53125,54.791,52.2207,51.4883,52.02344,52.7246
51.80078,51.9863,51.97656,53.8145,51.98633,51.3555,51.67188,52.2402
51.98047,51.9102,52.21289,53.002,52.10938,51.7871,51.80078,51.9863
52.15625,51.8848,52.05273,52.1523,52.22266,52.4824,51.98047,51.9102
52.31641,51.9434,51.70117,51.5391,52.1875,52.8965,52.15625,51.8848
52.17188,51.9121,51.55664,51.5098,52.18359,53.1387,52.31641,51.9434
51.87109,51.9805,51.67383,51.6621,52.32227,53.0527,52.17188,51.9121
51.62305,51.9199,51.91211,51.9766,52.27344,52.7207,51.87109,51.9805
51.42773,51.7148,51.98828,52.7109,52.33789,52.1758,51.62305,51.9199
51.30078,51.8496,52.01562,52.6953,52.38281,52.082,51.42773,51.7148
51.28711,51.5781,52.20117,53.1387,52.47852,51.7559,51.30078,51.8496
51.51758,51.377,52.36523,53.2305,52.77734,52.1543,51.28711,51.5781
51.4043,51.2363,52.35156,52.8184,52.93164,52.4375,51.51758,51.377
51.10156,51.1895,52.11719,52.6777,52.82227,52.9102,51.4043,51.2363
51.19336,51.002,52.03906,52.4023,52.5332,53.0137,51.10156,51.1895
51.41016,51.0625,51.93164,52.6172,52.29883,53.1465,51.19336,51.002
51.75977,51.1602,51.9043,52.7793,52.09375,52.791,51.41016,51.0625
52.00977,51.4707,52.44531,53.1953,51.88672,52.543,51.75977,51.1602
52.06836,51.541,52.71289,53.5059,51.91406,52.4297,52.00977,51.4707
51.73242,51.5293,52.35352,53.6953,51.63281,52.3145,52.06836,51.541
51.44922,51.8477,52.51172,53.7188,51.58008,52.1973,51.73242,51.5293
51.31836,52.0234,52.13867,53.4531,51.49023,52.0195,51.44922,51.8477
51.31445,52.2344,51.69336,53.2734,51.36133,51.9199,51.31836,52.0234
51.3418,52.5293,51.59766,53.0703,51.33008,51.9219,51.31445,52.2344
51.49609,52.5703,51.7168,52.9473,51.39648,51.8828,51.3418,52.5293
51.60938,52.6973,51.41602,53.6855,51.43555,51.9688,51.49609,52.5703
51.71094,52.6055,51.63477,54.8906,51.57617,52.1172,51.60938,52.6973
51.71484,52.9121,51.47852,56,51.59375,52.6465,51.71094,52.6055
51.45898,52.8828,51.25195,56.4727,51.46875,52.8008,51.71484,52.9121
51.11719,53.043,51.33008,55.7832,51.97266,52.9668,51.45898,52.8828
51.04102,52.8184,51.50391,54.9473,52.25391,53.0664,51.11719,53.043
51.16211,52.3242,51.81445,55.1582,52.33789,53.1953,51.04102,52.8184
50.94336,52.0078,51.78711,55.0703,52.71484,53.2012,51.16211,52.3242
51.18164,51.8594,51.66211,55.0059,52.61523,52.8672,50.94336,52.0078
51.20703,51.5449,51.66406,54.8828,52.61914,52.4375,51.18164,51.8594
51.0293,51.457,51.51172,55.2559,52.75195,52.1465,51.20703,51.5449
50.80664,51.2754,51.33203,54.9883,52.74805,51.9766,51.0293,51.457
51.06836,50.9707,51.03711,54.4707,52.8125,51.8145,50.80664,51.2754
51.23438,51.25,50.76367,54.082,52.85156,51.627,51.06836,50.9707
51.62695,51.6523,50.69141,53.7422,52.90039,51.9746,51.23438,51.25
51.62891,51.9531,50.92969,53.8848,52.53125,51.6289,51.62695,51.6523
51.43945,52.4492,51.18164,53.9551,51.9707,51.6602,51.62891,51.9531
51.41211,53.0879,51.52148,54.2676,51.98438,51.8672,51.43945,52.4492
51.2207,53.1602,51.7207,54.7598,51.76172,51.9863,51.41211,53.0879
51.05859,52.8613,52.07617,55.0137,51.75586,51.8457,51.2207,53.1602
50.72656,52.4824,52.03906,55.4023,51.92188,52.1055,51.05859,52.8613
50.53711,52.2383,51.99219,54.9648,51.91016,52.0918,50.72656,52.4824
50.25195,51.9238,51.74609,54.4375,51.9082,52.1406,50.53711,52.2383
49.89648,52.0039,51.70117,54.5195,52.05664,52.3984,50.25195,51.9238
49.71484,51.9727,52.07812,54.1133,51.68945,52.5742,49.89648,52.0039
49.81641,51.791,52.27734,53.7969,51.12891,52.8633,49.71484,51.9727
49.71484,51.9395,52.58789,53.668,50.49414,52.7969,49.81641,51.791
49.83203,52.2324,52.52148,53.3203,50.04492,52.502,49.71484,51.9395
49.93945,52.207,52.42188,52.9141,49.875,52.2539,49.83203,52.2324
49.94922,52.3711,52.125,52.6914,50.06836,52.1465,49.93945,52.207
49.77539,52.2344,51.66016,52.7891,50.56836,51.9141,49.94922,52.3711
49.90625,52.082,51.12891,52.8164,50.98242,51.832,49.77539,52.2344
49.73828,51.7695,50.86523,52.7734,51.08398,51.9727,49.90625,52.082
49.64648,51.9062,50.74609,52.7227,51.31641,52.0195,49.73828,51.7695
49.83203,51.75,50.69141,52.6191,51.18164,52.2539,49.64648,51.9062
50.20508,51.6367,50.91992,52.5059,50.80273,52.4668,49.83203,51.75
50.51172,51.4043,50.97461,52.4395,50.66406,52.1543,50.20508,51.6367
50.49023,51.4102,51.41797,52.6992,50.49219,51.9492,50.51172,51.4043
50.31641,50.9805,51.6875,52.4336,50.4668,51.7012,50.49023,51.4102
50.34375,50.8027,51.33398,52.4102,50.31641,51.6055,50.31641,50.9805
50.25391,50.8965,51.67188,52.4414,50.20703,51.5879,50.34375,50.8027
50.24023,51.1113,51.56445,52.6816,49.96875,51.7676,50.25391,50.8965
50.13477,51.3105,51.28125,53.1133,49.82422,51.9551,50.24023,51.1113
50.28125,51.5098,51.29883,53.6172,49.93555,52.3438,50.13477,51.3105
50.12109,51.6875,51.10156,53.4336,50.07812,52.4082,50.28125,51.5098
49.98828,52.0449,50.84961,53.3125,50.125,52.6484,50.12109,51.6875
50.00586,52.6211,50.67188,53.0801,50.04883,52.5293,49.98828,52.0449
49.79102,53.168,50.72656,52.8652,49.99023,52.3398,50.00586,52.6211
49.68945,53.498,50.68555,52.7852,49.77344,52.3574,49.79102,53.168
49.60547,53.127,50.875,53.1855,49.80273,52.2949,49.68945,53.498
49.66211,52.7031,51.36523,52.707,49.73047,52.3574,49.60547,53.127
49.74414,52.5469,51.42383,53.2305,49.89062,52.4629,49.66211,52.7031
49.7207,52.2539,51.54492,53.4395,49.74023,52.7852,49.74414,52.5469
50.10156,52.2676,51.57812,53.4648,50.02734,52.5469,49.7207,52.2539
50.25977,52.2617,51.50977,53.4434,49.83008,52.4043,50.10156,52.2676
50.05078,52.1016,51.57227,53.6289,50.18359,52.2734,50.25977,52.2617
50.10352,52.0918,51.32422,53.4902,50.16211,52.4961,50.05078,52.1016
49.90234,51.7812,51.05273,53.0547,50.27539,52.4609,50.10352,52.0918
49.99805,51.6035,51.3418,52.6992,50.1875,52.6758,49.90234,51.7812
50.10547,51.6074,51.33203,53.1074,50.19141,52.5156,49.99805,51.6035
50.06445,51.7285,51.32617,53.373,50.20898,52.3477,50.10547,51.6074
50.0918,51.9844,51.45312,53.8438,50.14453,52.2461,50.06445,51.7285
50.04883,52.4648,51.63086,53.9102,50.18359,52.2422,50.0918,51.9844
49.83594,52.9121,51.43164,53.8301,50.1582,52.3105,50.04883,52.4648
49.79688,53.4023,51.25195,53.8262,50.59375,52.2812,49.83594,52.9121
49.70117,53.4941,51.08008,54.2402,50.68164,52.3906,49.79688,53.4023
49.67383,53.7051,51.05859,54.1816,50.53516,52.7363,49.70117,53.4941
49.64062,53.4297,50.70508,54.2422,50.4043,52.8945,49.67383,53.7051
49.81055,53.0957,50.80273,54.4883,50.26562,52.9668,49.64062,53.4297
49.97461,52.7227,51.07812,54.1543,50.20703,52.9746,49.81055,53.0957
49.95703,52.7285,51.17773,54.0176,50.02148,52.8594,49.97461,52.7227
49.99805,52.8066,51.48242,53.5801,50.02539,52.6855,49.95703,52.7285
49.95508,53.0234,51.78516,53.3262,49.9043,52.7598,49.99805,52.8066
49.95117,53.5293,51.76758,52.9492,49.78125,52.6172,49.95508,53.0234
50.13672,53.9824,51.84766,52.5859,49.74023,52.4805,49.95117,53.5293
50.17383,54.4297,51.73438,52.3223,49.7207,52.1465,50.13672,53.9824
50.12109,54.6836,51.70508,51.8887,49.58008,52.0605,50.17383,54.4297
50.2793,54.9609,51.39453,51.9746,49.91406,52.0938,50.12109,54.6836
50.06641,54.9551,51.47852,52.3105,49.89844,52.6465,50.2793,54.9609
50.15234,54.6152,51.66016,53.0293,49.95508,53.123,50.06641,54.9551
50.40039,54.3496,51.66406,53.4473,49.9707,53.3281,50.15234,54.6152
50.49609,53.7227,51.95508,54.0703,50.14648,53.4766,50.40039,54.3496
50.53516,53.3711,51.80664,54.7988,50.07617,53.4434,50.49609,53.7227
50.5957,52.8594,51.88086,55.3262,50.25586,53.1602,50.53516,53.3711
50.64258,52.998,51.60938,55.2207,50.33008,52.8398,50.5957,52.8594
50.51172,52.9258,51.23828,54.9824,50.29102,52.4277,50.64258,52.998
50.45703,52.8398,51.27148,54.6855,50.07031,52.0566,50.51172,52.9258
50.29492,53.1445,51.20508,54.4297,50.17969,52.1211,50.45703,52.8398
50.11914,53.1035,51.15234,53.6914,50.3457,52.3066,50.29492,53.1445
50.22852,52.9238,51.29883,53.5371,50.41992,52.6211,50.11914,53.1035
50.15234,52.5938,51.68555,53.3477,50.55273,52.6055,50.22852,52.9238
50.46875,52.4277,51.45703,53.1016,50.61719,52.3027,50.15234,52.5938
50.3125,52.1426,51.54492,53.0098,50.80859,51.8438,50.46875,52.4277
50.4707,52.0801,51.42383,52.9258,50.84375,51.3398,50.3125,52.1426
50.10352,51.418,51.06445,52.9004,50.47266,51.1016,50.4707,52.0801
50.09961,51.4805,50.75391,52.9785,50.26953,51.1543,50.10352,51.418
49.91211,51.418,50.73047,52.8848,50.0625,51.4043,50.09961,51.4805
49.77539,51.3145,50.71289,53.0137,50.03125,51.4238,49.91211,51.418
49.98242,51.3027,50.55664,53.0625,50.16211,51.6992,49.77539,51.3145
49.71484,51.6992,50.83984,53.1562,50.14062,51.7422,49.98242,51.3027
49.64648,51.7637,51.09375,53.0215,50.16406,51.9844,49.71484,51.6992
49.78906,52.2129,51.38477,53.4727,50.04883,52.2324,49.64648,51.7637
49.7832,52.6367,51.38281,53.7031,49.79102,52.3105,49.78906,52.2129
49.82031,53.1934,51.58984,54.2578,49.86328,52.4961,49.7832,52.6367
50.0918,53.4453,51.36133,54.1035,49.98242,52.6035,49.82031,53.1934
50.45312,53.5254,51.25977,54.127,50.16797,52.3555,50.0918,53.4453
50.71484,53.3555,51.34961,54.2109,49.99414,52.668,50.45312,53.5254
50.81055,53,51.62305,54.5273,49.85938,52.6738,50.71484,53.3555
51.0332,52.5098,51.66211,54.7324,50.0957,53.0605,50.81055,53
51.14453,52.2148,51.91211,54.8984,49.98828,52.873,51.0332,52.5098
50.9668,51.7168,51.99609,54.9512,50.08594,52.6191,51.14453,52.2148
50.73242,51.3828,51.66602,55.1543,50.10547,52.3945,50.9668,51.7168
50.69531,51.2617,51.54492,55.3555,49.99414,52.1113,50.73242,51.3828
50.64453,51.2441,51.48047,55.8945,49.75781,52.0234,50.69531,51.2617
50.55078,51.5527,51.49805,56.3418,49.56641,51.9121,50.64453,51.2441
50.36328,51.7754,51.69336,56.5273,49.52734,52.1855,50.55078,51.5527
50.29297,52.166,51.79102,56.1621,49.93555,52.3691,50.36328,51.7754
50.08203,52.5723,51.55078,55.8223,49.94922,52.2988,50.29297,52.166
50.15234,52.8984,51.375,55.8242,50.15234,52.3223,50.08203,52.5723
49.91016,53.0332,51.04492,55.9805,50.2207,52.2715,50.15234,52.8984
49.88672,52.8262,51.05078,55.5918,50.23047,52.3242,49.91016,53.0332
49.87305,52.5078,51.02344,55.2305,50.21289,52.4512,49.88672,52.8262
49.91992,52.4629,50.80664,55.0137,50.20508,52.0996,49.87305,52.5078
50.09766,52.416,50.78516,54.3262,50.08203,51.8691,49.91992,52.4629
50.31641,52.5098,50.77734,54.168,50.29492,51.9902,50.09766,52.416
50.16797,52.9043,51.20117,53.8496,50.30469,51.793,50.31641,52.5098
50.25586,53.0781,51.4707,53.5801,50.18164,51.5488,50.16797,52.9043
50.33398,53.1777,51.52734,53.0215,50.08203,51.3125,50.25586,53.0781
50.5332,53.084,51.50977,52.8906,50.08008,51.625,50.33398,53.1777
50.3125,53.0703,51.43359,53.2012,49.86523,51.8926,50.5332,53.084
50.71875,53.5195,51.11523,53.6816,49.6582,52.1641,50.3125,53.0703
50.53125,53.873,51.38477,53.7383,49.57812,52.6074,50.71875,53.5195
50.37695,54.2871,51.64648,54.3027,49.78711,53.1777,50.53125,53.873
50.58984,54.3535,51.52734,54.2305,49.92383,53.1523,50.37695,54.2871
50.5625,54.3477,51.47461,54.1016,50.00195,53.0273,50.58984,54.3535
50.19922,53.8867,51.67383,53.959,49.85547,52.8105,50.5625,54.3477
50.28711,53.3105,51.24805,53.5664,49.72461,52.7012,50.19922,53.8867
50.07812,52.625,51.10938,53.4512,49.65039,52.8789,50.28711,53.3105
49.98633,52.2891,50.85156,53.8887,49.67383,52.5625,50.07812,52.625
49.99023,52.4688,50.92188,54.5215,49.69141,52.3613,49.98633,52.2891
49.99414,52.7266,50.75195,55.4609,50.11133,51.9609,49.99023,52.4688
49.92969,52.9336,51.17383,56.6836,50.27344,51.7012,49.99414,52.7266
50.01758,53.1094,51.41406,56.8711,50.64844,51.6914,49.92969,52.9336
49.91797,53.1172,51.59766,56.5391,50.66992,52.002,50.01758,53.1094
49.87109,52.9336,51.52148,55.4941,50.625,52.3164,49.91797,53.1172
49.66211,52.6172,51.50977,54.1211,50.52539,52.0293,49.87109,52.9336
49.76953,52.8672,51.60938,53.1602,50.35156,51.9844,49.66211,52.6172
49.94141,53.0098,51.4375,53.0137,50.32227,51.8555,49.76953,52.8672
50.30469,52.6855,51.39648,53.4727,50.00195,51.834,49.94141,53.0098
50.3457,52.6211,51.10156,53.6758,49.93359,52.1113,50.30469,52.6855
50.33398,52.1504,51.02539,54.4395,50.11523,52.2363,50.3457,52.6211
50.31445,51.9785,51.06641,55.3398,50.20312,52.4043,50.33398,52.1504
50.19922,52.2051,50.92773,55.8438,50.23438,52.5918,50.31445,51.9785
50.10938,52.5059,50.85547,56.1348,50.2168,52.9082,50.19922,52.2051
50.01367,52.6914,50.8125,56.4824,50.13867,53.1172,50.10938,52.5059
50.06445,53.0664,50.52539,56.5293,49.96484,53.4082,50.01367,52.6914
50.23047,52.9219,50.57422,56.584,49.93555,53.1641,50.06445,53.0664
50.31836,52.7363,50.44141,56.2246,49.7832,53.0801,50.23047,52.9219
50.37891,52.8164,50.96484,55.5762,49.94727,52.7598,50.31836,52.7363
50.45508,52.5137,51.13477,54.3262,49.98828,52.6582,50.37891,52.8164
50.30469,52.4199,51.0332,53.8672,49.88672,52.5293,50.45508,52.5137
50.18555,52.25,51.18359,53.6504,50.08594,52.0332,50.30469,52.4199
50.07031,52.207,51.04297,53.6914,50.03516,51.8457,50.18555,52.25
50.1582,52.373,51.15039,53.3516,50.17383,51.3379,50.07031,52.207
50.14062,52.5117,51.07617,53.5254,50.15234,51.1699,50.1582,52.373
50.12891,52.5059,51.26367,53.3613,49.96094,51.2324,50.14062,52.5117
50.19727,52.334,51.28711,52.8945,49.73633,51.5762,50.12891,52.5059
49.92383,52.252,51.57227,52.7363,49.68164,52.1289,50.19727,52.334
49.76758,52.1562,51.44727,52.6191,49.74219,52.9766,49.92383,52.252
49.88086,52.5117,51.45898,52.8164,49.7832,53.6602,49.76758,52.1562
50.15039,52.6914,51.52148,53.1133,49.96289,53.5879,49.88086,52.5117
50.16211,53.209,51.52734,53.166,50.06055,53.1621,50.15039,52.6914
50.39453,53.2227,51.38477,53.1484,49.92383,53.0586,50.16211,53.209
50.44141,52.7363,51.49609,53.5293,49.89062,52.9023,50.39453,53.2227
50.39258,52.502,51.49609,53.5879,49.81836,52.4102,50.44141,52.7363
50.46289,52.1094,51.67969,53.7168,49.76367,52.5547,50.39258,52.502
50.48242,51.7461,51.63281,53.7637,49.60156,52.5762,50.46289,52.1094
50.46875,51.6348,51.42188,53.8555,49.69336,52.5352,50.48242,51.7461
50.53516,51.8594,51.46289,54.123,49.66016,52.7793,50.46875,51.6348
50.25195,52.4336,51.40039,54.1113,49.83203,52.7852,50.53516,51.8594
50.29492,52.6406,51.33594,53.6094,50.09375,52.9199,50.25195,52.4336
49.92188,52.8594,51.41406,53.1914,50.18555,52.5117,50.29492,52.6406
49.76367,52.5137,51.29102,52.7676,49.9043,52.3184,49.92188,52.8594
49.93359,52.334,51.14844,52.5898,49.88867,52.2051,49.76367,52.5137
50.06836,52.1367,51.10938,52.5371,49.95117,52.2188,49.93359,52.334
50.19336,52.0645,51.06641,52.5957,50.05273,52.0879,50.06836,52.1367
50.11328,51.9414,50.94336,52.9531,50.20117,51.9355,50.19336,52.0645
50.16992,52.3438,50.98047,52.918,50.65625,51.834,50.11328,51.9414
50.17188,52.7188,50.84766,53.2832,51.19336,51.957,50.16992,52.3438
50.2832,53.1543,50.78711,54.1582,51.55664,52.043,50.17188,52.7188
50.24805,53.8008,50.7168,55.2246,51.73242,52.1113,50.2832,53.1543
50.22266,54.0059,50.66992,56.0449,51.6582,52.2773,50.24805,53.8008
50.18945,53.959,50.68164,56.6562,51.33203,51.9316,50.22266,54.0059
50.14453,53.2734,50.6543,56.4375,51.2793,51.9219,50.18945,53.959
50.16602,52.5918,50.625,55.6094,50.875,52.0117,50.14453,53.2734
50.15234,51.8398,50.66602,55.1074,50.42773,52.0957,50.16602,52.5918
49.95898,51.082,50.81055,54.959,50.31055,52.4961,50.15234,51.8398
50.07031,50.8301,50.68945,54.9961,50.25977,53.0078,49.95898,51.082
50.2207,51.0996,50.75586,54.6172,50.08789,53.1465,50.07031,50.8301
50.19141,51.2344,50.72266,54.6562,50.51953,52.8613,50.2207,51.0996
50.22461,51.8047,50.89844,55.0566,50.73633,52.6133,50.19141,51.2344
50.39844,52.1582,50.84961,55.0938,50.28711,52.1875,50.22461,51.8047
50.22852,52.5527,51.10547,55.2793,50.16211,52.3418,50.39844,52.1582
50.06641,52.1562,51.26758,55.416,50.1582,52.2246,50.22852,52.5527
50.0918,52.2715,51.42188,55.8418,50.14453,52.502,50.06641,52.1562
50.32617,52.2461,51.21484,56.0391,50.11914,52.7188,50.0918,52.2715
50.51367,52.25,51.31641,56.1855,50.37305,52.6074,50.32617,52.2461
50.74219,52.3184,51.37109,56.1758,50.2207,52.3027,50.51367,52.25
50.87305,52.4844,51.19727,55.7246,50.2832,52.0332,50.74219,52.3184
50.32031,52.9043,51.42773,55.7949,50.36328,51.8906,50.87305,52.4844
50.31445,52.7715,51.35547,55.6621,50.73242,51.8066,50.32031,52.9043
50.39844,53.6191,51.50391,55.8262,50.67383,51.8535,50.31445,52.7715
50.0918,54.2441,51.27539,55.9531,50.47461,52.0508,50.39844,53.6191
50.09961,54.4258,51.19727,56.3438,50.08398,52.3535,50.0918,54.2441
50.07812,54.4648,50.7793,56.4688,50.10938,52.4453,50.09961,54.4258
49.99414,54.5059,50.60352,56.4492,49.97852,52.8633,50.07812,54.4648
49.95703,54.0703,50.4375,56.2637,49.95703,53.0332,49.99414,54.5059
49.80859,53.7227,50.66602,56.3262,49.79297,53.3145,49.95703,54.0703
49.66602,53.6387,50.86914,55.8535,49.81445,53.3027,49.80859,53.7227
49.56836,53.4082,50.87695,55.6758,49.94922,53.0723,49.66602,53.6387
49.60938,52.9316,51.27734,55.5879,49.81055,52.6504,49.56836,53.4082
49.79297,52.7559,51.37305,55.2793,49.92383,52.3672,49.60938,52.9316
49.91992,52.6406,51.35156,55.0488,50.07227,52.0469,49.79297,52.7559
50.00781,52.4355,51.29297,54.8477,49.92383,51.6113,49.91992,52.6406
49.95117,52.7324,51.34961,54.5957,49.91797,51.877,50.00781,52.4355
50.02148,52.4688,51.35547,54.4707,50.0957,51.7188,49.95117,52.7324
49.74023,52.6895,51.45312,54.7402,50.12305,51.9512,50.02148,52.4688
49.76172,52.748,51.4375,54.873,50.28125,52.1699,49.74023,52.6895
49.71484,52.6914,51.33984,54.2891,50.20703,52.4023,49.76172,52.748
49.98047,52.3828,51.25977,54.0391,50.01562,52.2988,49.71484,52.6914
49.87695,52.6211,51.17578,53.9844,50.11523,52.1855,49.98047,52.3828
49.64258,52.7715,51.24414,54.3418,50.04688,52.2383,49.87695,52.6211
49.7207,52.8633,51.18359,55.1094,49.77734,52,49.64258,52.7715
50.02734,53.1172,51.49609,55.791,49.94141,51.6934,49.7207,52.8633
50.06055,53.0078,51.55664,56.3633,49.95703,51.8008,50.02734,53.1172
49.88086,53.1406,51.89258,56.4355,50.11328,51.9238,50.06055,53.0078
50.05078,53.4785,51.83008,56.6602,50.05469,51.7422,49.88086,53.1406
49.89062,53.4512,51.98438,57.0879,50.50977,52.0703,50.05078,53.4785
49.94531,53.2461,51.9668,56.9473,50.32812,52.082,49.89062,53.4512
49.78906,53.4395,51.80469,56.7266,50.1582,51.9297,49.94531,53.2461
49.89648,53.7715,51.48438,55.9238,50.13281,52.1523,49.78906,53.4395
49.88086,54.2441,51.23438,55.0215,49.84766,51.9785,49.89648,53.7715
49.92773,54.6074,50.83203,54.4727,49.83984,51.7344,49.88086,54.2441
50.10352,54.2461,50.68945,54.1191,49.88086,51.707,49.92773,54.6074
50.11914,53.6797,50.45898,53.8047,49.82812,51.791,50.10352,54.2461
50.06641,53.3242,50.42773,53.9102,49.94336,51.9629,50.11914,53.6797
50.03711,53.2852,50.51953,53.9277,49.92969,52.0098,50.06641,53.3242
50.17578,53.373,50.86719,53.9004,50.11133,52.5117,50.03711,53.2852
49.80078,53.623,51.07422,54.1348,50.03125,52.6328,50.17578,53.373
49.95703,53.5469,51.28516,53.9375,50.19141,52.8613,49.80078,53.623
49.82227,53.0508,51.07227,54.0156,50.08984,52.6191,49.95703,53.5469
49.75977,52.498,51.07422,54.7422,49.89844,52.5898,49.82227,53.0508
50.02148,52.5723,51.14844,55.5352,50.05859,52.2266,49.75977,52.498
50.08008,52.8711,51.39258,56.5781,50.1543,52.373,50.02148,52.5723
50.12891,52.957,51.13086,56.9043,50.45117,52.4785,50.08008,52.8711
50.05078,53.5977,51.49414,56.7148,50.55078,52.3418,50.12891,52.957
49.98438,53.8867,51.45312,56.5605,50.62305,52.1328,50.05078,53.5977
49.9707,54.1738,51.41016,56.2168,50.52539,52.0234,49.98438,53.8867
50.07422,54.4492,51.39062,56.002,50.54688,52.1914,49.9707,54.1738
50.41016,54.5,51.43945,56.1602,50.32422,52.3145,50.07422,54.4492
50.35156,53.8848,51.49609,55.8398,50.25977,52.9629,50.41016,54.5
50.32617,54.0059,51.56445,55.918,50.16016,53.2109,50.35156,53.8848
50.27148,53.7402,51.56641,56.0195,49.74609,53.5957,50.32617,54.0059
50.08594,53.623,51.0625,56.3828,50.04688,53.582,50.27148,53.7402
49.8457,53.3301,51.25,56.2402,49.95312,53.5547,50.08594,53.623
49.66016,52.9473,50.96289,56.3184,49.90039,53.2129,49.8457,53.3301
49.80078,52.6211,51.04688,56.3652,49.9707,52.6992,49.66016,52.9473
49.78516,52.4355,50.92383,56.6348,49.95117,52.3828,49.80078,52.6211
50.0625,52.3477,50.83789,56.8438,49.80078,51.9551,49.78516,52.4355
50.35938,52.1973,50.90625,56.6152,49.69922,51.9355,50.0625,52.3477
50.47656,52.2559,51.07617,56.1758,49.80664,51.9062,50.35938,52.1973
50.67773,52.5156,51.05664,55.7617,49.64062,52.1289,50.47656,52.2559
50.48438,52.6562,50.94531,55.4336,49.5293,52.6426,50.67773,52.5156
50.36914,52.9648,50.76172,55.3652,49.92383,52.7266,50.48438,52.6562
50.07812,53.0273,50.64648,55.8496,49.92383,52.8672,50.36914,52.9648
49.9375,53.5,50.54688,55.4766,49.8457,52.9844,50.07812,53.0273
49.73633,53.5156,50.61133,55.3047,49.94727,53.125,49.9375,53.5
49.91797,53.7363,50.67188,55.0762,49.97461,52.8691,49.73633,53.5156
49.85938,53.4922,51.09961,54.7344,49.82031,52.7129,49.91797,53.7363
49.93359,53.5645,51.02539,54.7734,49.92773,52.584,49.85938,53.4922
49.9707,53.2598,50.88867,54.877,50.08984,52.5684,49.93359,53.5645
50.12305,52.9277,50.94922,54.957,50.01172,52.4824,49.9707,53.2598
50.0332,52.7559,51.0918,55.1426,49.72461,52.3594,50.12305,52.9277
49.67383,52.5469,50.9668,55.0312,49.83789,52.2734,50.0332,52.7559
50,52.5781,51.23047,55.1504,49.82227,51.9492,49.67383,52.5469
49.88672,52.2559,51.20898,55.3711,49.96094,51.5762,50,52.5781
49.77734,51.9375,51.30469,54.9023,50.12891,51.5723,49.88672,52.2559
49.95508,51.5586,51.41992,54.7129,50.17578,51.7598,49.77734,51.9375
49.75195,51.3633,51.38672,54.8516,50.34961,51.959,49.95508,51.5586
49.76172,51.3672,51.65234,55.0195,50.20508,52.1895,49.75195,51.3633
49.97656,51.5605,51.27734,55.457,50.10156,52.082,49.76172,51.3672
50.21094,51.9824,51.41016,55.3691,49.84961,52.0078,49.97656,51.5605
50.32812,52.2207,51.5332,55.0645,49.86523,51.7949,50.21094,51.9824
50.26953,52.3965,51.61133,54.7344,49.87695,51.5371,50.32812,52.2207
50.48828,52.4531,51.66992,54.5352,49.875,51.543,50.26953,52.3965
50.36523,52.168,51.64648,54.0605,49.95898,51.3652,50.48828,52.4531
50.49023,52.3242,51.70703,53.5801,50.05078,51.3887,50.36523,52.168
50.55859,52.4316,51.75781,52.7227,49.74023,51.5742,50.49023,52.3242
50.26758,52.3926,51.58008,52.6016,49.72266,51.6855,50.55859,52.4316
50.38867,52.1738,51.42969,52.8164,50.01367,51.9551,50.26758,52.3926
50.08398,52.1191,51.41992,52.8438,50.14062,52.0977,50.38867,52.1738
49.91797,52.123,51.54492,53.0938,50.49219,52.416,50.08398,52.1191
49.88672,52.0723,51.68164,53.5391,50.82227,52.7676,49.91797,52.123
49.83203,52.041,51.91016,54.3438,50.61328,52.7266,49.88672,52.0723
49.58008,52.0625,51.51172,54.8828,50.83008,52.418,49.83203,52.041
49.58594,51.8105,51.52539,55.2871,50.64258,51.9512,49.58008,52.0625
49.75,52.0098,51.57031,55.1816,50.93555,51.8848,49.58594,51.8105
49.78906,52.0156,51.63477,54.9141,50.71094,51.7344,49.75,52.0098
50.16016,52.7285,51.36719,54.5879,50.64453,51.6562,49.78906,52.0156
50.20312,52.8066,51.39062,54.4824,50.54297,52.0078,50.16016,52.7285
50.55859,52.4863,51.31445,54.8242,50.41406,52.1602,50.20312,52.8066
50.55078,52.3809,51.0957,55.0859,50.41406,52.3867,50.55859,52.4863
50.54688,52.1191,51.02734,55.4023,50.32227,52.4121,50.55078,52.3809
50.39648,52.4629,50.98828,56.9844,50.29297,52.1621,50.54688,52.1191
50.01953,52.8477,51.05078,57.8066,50.18945,52.2051,50.39648,52.4629
50.16016,53.3574,51.16992,59.1543,50.08398,52.2871,50.01953,52.8477
50.07031,53.4219,51.39258,59.2188,50.19922,52.1992,50.16016,53.3574
49.99219,52.998,51.22852,58.5293,50.39062,51.9727,50.07031,53.4219
50.00781,52.5898,51.35156,57.6426,50.69531,51.7695,49.99219,52.998
50.30078,52.1152,51.45117,56.7793,50.38867,51.918,50.00781,52.5898
50.16406,51.623,51.30469,56.2363,50.04883,52.5781,50.30078,52.1152
50.26562,51.6797,51.09961,56.2012,49.74414,53.1953,50.16406,51.623
50.22266,51.7832,51.34375,55.9941,49.66992,53.6641,50.26562,51.6797
50.25586,51.832,51.26367,56.0762,49.67969,53.791,50.22266,51.7832
50.25195,51.8477,50.9707,56.0605,49.62891,53.7461,50.25586,51.832
50.24609,51.8867,51.16211,55.9805,49.83789,53.6562,50.25195,51.8477
50.31641,51.6719,50.89062,55.6152,50.09375,53.6445,50.24609,51.8867
50.36914,51.668,50.57227,55.5605,50.04883,53.5781,50.31641,51.6719
50.29492,51.9277,50.59961,55.8652,50.08008,53.8496,50.36914,51.668
50.60547,52.4336,50.47656,55.8867,50.17969,53.4277,50.29492,51.9277
50.49805,52.5508,50.45508,56.166,50.2168,52.8945,50.60547,52.4336
50.20312,53.2344,50.46289,56.25,50.04297,52.8516,50.49805,52.5508
50.13867,53.6152,50.72852,56.1504,50.17578,52.9785,50.20312,53.2344
50.06055,53.5879,50.81055,55.7891,50.2793,53.2246,50.13867,53.6152
49.87109,52.875,51.07812,55.8848,50.23633,53.9141,50.06055,53.5879
49.73047,52.3613,51.21875,56.7715,50.18945,54.0625,49.87109,52.875
49.54492,51.8848,51.04297,57.1895,50.07812,54.4355,49.73047,52.3613
49.61328,51.4902,50.92969,57.1113,49.9375,54.3125,49.54492,51.8848
49.66797,51.2891,50.84766,56.9453,49.85352,54.2578,49.61328,51.4902
50.07227,51.291,50.7207,56.3945,49.82227,53.8262,49.66797,51.2891
50.0957,51.1777,50.83203,55.7168,49.56641,53.6895,50.07227,51.291
50.10156,50.9277,51.09766,55.5059,49.63477,53.4668,50.0957,51.1777
50.19141,50.918,51.20703,55.332,49.56836,53.2656,50.10156,50.9277
50.14453,51.1797,51.23633,55.2988,49.58008,53.4824,50.19141,50.918
50.10938,51.4043,51.37305,54.8145,49.55078,53.9434,50.14453,51.1797
50.25977,51.7617,51.30664,54.8477,49.79102,54.5879,50.10938,51.4043
49.97852,52.041,51.27148,54.5762,49.69727,54.7051,50.25977,51.7617
50.07227,52.5664,51.2793,54.4336,49.68164,54.9668,49.97852,52.041
50.11133,52.8203,51.50781,54.5176,49.73828,55.3125,50.07227,52.5664
50.34766,53.1348,51.67773,54.7246,49.89844,55.2949,50.11133,52.8203
50.38867,53.1816,51.51172,54.7617,49.71094,55.0566,50.34766,53.1348
50.57812,53.2383,51.44141,54.5059,49.87305,54.8145,50.38867,53.1816
50.56836,53.168,51.62305,54.9062,49.94141,54.2422,50.57812,53.2383
50.3125,53.002,51.59375,55.0918,49.82422,54.0195,50.56836,53.168
50.21094,52.1797,51.40039,54.9297,49.98047,54.0391,50.3125,53.002
50.03711,51.6152,51.61719,54.7012,49.9375,53.8086,50.21094,52.1797
49.93945,51.25,51.48828,54.707,50.03711,53.7207,50.03711,51.6152
49.97852,50.9277,51.55469,54.6055,50.1543,53.6309,49.93945,51.25
49.95898,51.291,51.45703,54.1973,50.65039,53.7129,49.97852,50.9277
50.11719,51.8223,51.44727,53.9961,50.90234,53.6387,49.95898,51.291
50.39648,52.4746,51.58008,54.375,50.85352,53.4922,50.11719,51.8223
50.38477,52.9414,51.49805,54.9238,50.83203,53.0332,50.39648,52.4746
50.25391,53.2676,51.57031,55.3945,50.72852,52.7715,50.38477,52.9414
50.40625,53.707,51.13672,55.6875,50.5625,52.8887,50.25391,53.2676
50.61914,53.6172,51.09766,55.9688,50.25,52.6016,50.40625,53.707
50.75586,53.2129,51.02148,55.9453,50.3418,52.457,50.61914,53.6172
50.82812,53.0879,50.73242,55.7715,50.16406,52.6016,50.75586,53.2129
50.49219,52.6328,50.75977,55.4883,50.05273,52.373,50.82812,53.0879
50.41602,52.332,50.66992,55.2363,49.83984,52.1406,50.49219,52.6328
50.1875,52.248,50.64453,55.0703,49.73438,52.2168,50.41602,52.332
50.42969,51.9707,50.73438,54.8203,49.48828,52.3574,50.1875,52.248
50.63477,51.709,50.8418,54.7559,49.64062,52.5391,50.42969,51.9707
50.64062,51.3047,50.82031,54.4961,49.69336,52.7188,50.63477,51.709
50.68555,51.4453,50.75586,54.668,49.86523,52.9238,50.64062,51.3047
50.72852,52.1328,50.92383,55.3711,49.97656,53.2871,50.68555,51.4453
50.65039,52.8418,51.04492,56.2734,49.86914,53.4766,50.72852,52.1328
50.53711,53.2383,50.82617,56.8613,50.08203,53.5371,50.65039,52.8418
50.63477,53.5273,50.93945,56.8359,49.92188,53.2539,50.53711,53.2383
50.72656,53.2559,50.92578,56.1211,49.95703,53.0234,50.63477,53.5273
50.38281,52.6582,50.94141,55.3633,50.02539,52.541,50.72656,53.2559
50.5293,52.0059,50.9668,54.6914,50.0332,52.4277,50.38281,52.6582
50.2168,51.2832,51.07812,54.2598,49.98633,52.4277,50.5293,52.0059
50.24219,51.1289,51.23633,54.2246,49.89062,52.7461,50.2168,51.2832
50.35547,51.4043,51.25977,54.6387,50.13672,52.8633,50.24219,51.1289
50.37109,51.6973,51.39648,55.3789,50.17773,52.5996,50.35547,51.4043
50.22266,52.1523,51.44531,56.4688,50.2207,52.5469,50.37109,51.6973
50.1582,52.1133,51.07227,57.1309,50.10547,52.8965,50.22266,52.1523
50.04883,52.4941,50.73242,57.7012,49.84766,53.293,50.1582,52.1133
49.98438,52.623,50.77539,58.1758,49.73828,53.459,50.04883,52.4941
50.16602,52.4844,50.36328,58.3301,49.5332,53.7227,49.98438,52.623
50.04102,52.5449,50.35352,58.4238,49.8125,53.5918,50.16602,52.4844
49.94336,52.8633,50.70703,58.7969,49.72266,53.5918,50.04102,52.5449
49.86328,52.7246,50.85156,58.998,49.89844,53.5508,49.94336,52.8633
49.87305,52.752,50.96484,58.666,49.88281,53.2539,49.86328,52.7246
49.98828,52.6816,50.95898,58.0215,50.23828,52.9004,49.87305,52.752
49.80078,52.3555,51.14453,57.6172,50.53125,52.6504,49.98828,52.6816
49.91992,52.0332,50.98438,56.8184,50.67383,52.6875,49.80078,52.3555
49.625,51.709,51.08398,56.2754,50.62695,52.3496,49.91992,52.0332
49.67578,51.6523,50.93945,55.7598,50.5957,51.7266,49.625,51.709
49.81836,52.3184,51.07422,55.3281,50.31836,51.4043,49.67578,51.6523
49.97461,53.1504,50.97852,55.0449,50.36328,51.2422,49.81836,52.3184
50.02539,53.7188,50.69727,54.7969,50.45898,51.2988,49.97461,53.1504
50.12109,53.5605,51.02148,54.4648,50.48242,51.252,50.02539,53.7188
50.12891,52.9785,51.20117,54.0762,50.4043,51.5547,50.12109,53.5605
50.00195,52.3242,51.16406,53.7031,50.45312,51.6543,50.12891,52.9785
50.00195,51.7305,51.01953,54.1016,50.21094,51.7363,50.00195,52.3242
49.88477,51.2773,51.04883,55.2617,50.07812,51.6426,50.00195,51.7305
49.99023,51.3555,50.85547,56.3672,50.16797,51.7578,49.88477,51.2773
50.2832,51.7148,50.75391,57.0215,50.08789,52.0488,49.99023,51.3555
50.37891,51.7188,50.91992,56.9121,49.92773,52.291,50.2832,51.7148
50.36719,52.3125,51.02148,56.2441,49.76367,51.877,50.37891,51.7188
50.36914,52.5254,51.08203,55.2461,49.80859,51.3848,50.36719,52.3125
50.05859,52.5352,51.03711,55.0137,49.75977,51.4473,50.36914,52.5254
49.94141,52.1973,50.98828,54.9609,49.45312,51.2656,50.05859,52.5352
49.74805,52.0859,51.02344,55.0352,49.69141,51.627,49.94141,52.1973
49.78125,51.8926,51.50781,55.2168,49.90625,51.793,49.74805,52.0859
49.66992,51.9961,51.69141,55.1914,49.90039,51.8477,49.78125,51.8926
49.78711,52.7637,51.52344,55.3594,49.98633,52.1543,49.66992,51.9961
49.74609,53.0957,51.60156,55.5254,49.8125,52.8027,49.78711,52.7637
49.72461,53.1074,51.41016,55.5195,49.88867,53.3574,49.74609,53.0957
49.88672,53.293,51.03125,55.6367,49.75391,53.5312,49.72461,53.1074
50.04102,53.7598,51.04688,55.9141,49.94922,53.6543,49.88672,53.293
50.20898,53.8691,50.95508,56.0645,50.26367,53.4902,50.04102,53.7598
50.33984,53.8105,50.74414,55.8242,50.26562,53.5703,50.20898,53.8691
50.24219,53.3691,50.77734,54.8457,50.06641,53.3418,50.33984,53.8105
50.25,52.8809,50.64648,54.2168,49.84375,53.1562,50.24219,53.3691
50.14844,52.7344,50.38281,53.9766,49.99219,53.1191,50.25,52.8809
50.16211,52.7285,50.46289,54.2168,50.00977,52.9688,50.14844,52.7344
50.0625,53.0605,50.52344,54.3789,50.13477,53.1523,50.16211,52.7285
50.22266,53.0566,50.63672,54.5742,50.38477,53.082,50.0625,53.0605
50.40039,53.5137,50.87891,55.1016,50.73438,52.8164,50.22266,53.0566
50.34766,53.9336,51.0332,55.7734,50.64648,52.8047,50.40039,53.5137
50.21875,54.1172,51.24023,55.709,50.61719,52.3926,50.34766,53.9336
50.16406,54.3711,51.42383,55.207,50.53906,52.1348,50.21875,54.1172
49.78516,54.2637,51.18945,53.7441,50.28516,51.9746,50.16406,54.3711
49.66016,54.2109,51.57812,52.4512,50.18164,51.8555,49.78516,54.2637
49.73828,53.6934,51.50977,51.6602,50.05078,51.709,49.66016,54.2109
49.68555,53.9121,51.49219,51.5371,50.0293,51.7617,49.73828,53.6934
49.50391,53.8203,51.30664,51.8965,49.88086,51.6699,49.68555,53.9121
49.69727,53.916,51.37109,52.5195,49.98438,51.2637,49.50391,53.8203
49.7168,54,51.38672,53.5078,50.06641,51.2422,49.69727,53.916
49.71289,54.0137,51.19727,54.4902,50.22266,51.0273,49.7168,54
49.67969,53.9102,51.45898,55.3691,50.32227,50.8906,49.71289,54.0137
49.90625,53.9082,51.4668,56.1699,50.32031,51.0742,49.67969,53.9102
49.80273,54.0059,51.49805,57.082,50.26758,51.0332,49.90625,53.9082
49.96875,53.9551,51.4707,57.2559,50.42578,50.9043,49.80273,54.0059
49.91406,54.3672,51.39258,57.2969,50.30859,51.0469,49.96875,53.9551
50,54.6035,51.53711,57.1348,50.32617,51.3086,49.91406,54.3672
49.93359,54.8809,51.33008,57.0938,50.05273,51.75,50,54.6035
50.00586,54.9375,51.19727,57.2832,49.8125,52.2227,49.93359,54.8809
49.98047,55.3418,51.21484,57.2852,49.82617,52.6035,50.00586,54.9375
50.01758,54.8828,50.79297,57.7188,49.99023,52.8555,49.98047,55.3418
50.1582,54.6582,50.70898,57.7305,49.97266,52.7031,50.01758,54.8828
50.125,53.8027,50.80273,58.1523,50.0293,52.957,50.1582,54.6582
49.82031,53.0879,50.90234,58.5391,50.61523,52.8672,50.125,53.8027
50.06445,52.9805,51.04102,58.543,50.88086,52.9238,49.82031,53.0879
50.33203,53.0996,51.28711,58.0078,50.84766,52.7754,50.06445,52.9805
50.21875,53.2793,51.63086,57.5215,50.93555,52.6641,50.33203,53.0996
50.12695,53.4434,51.47461,57.3027,50.79883,52.6035,50.21875,53.2793
50.20508,53.75,51.36719,57.6855,50.55664,52.4746,50.12695,53.4434
50.35156,53.6484,51.10938,58.3457,50.42578,52.3887,50.20508,53.75
50.22656,53.7227,50.99414,58.9473,50.40039,52.1953,50.35156,53.6484
50.16992,53.9102,50.96094,58.8301,50.25195,52.5059,50.22656,53.7227
50.07812,54.2734,50.99219,58.2988,50.26172,52.6895,50.16992,53.9102
49.78125,54.4043,50.99609,57.6426,50.27539,52.9668,50.07812,54.2734
49.64844,54.5625,51.04688,57.3184,50.26953,53.3652,49.78125,54.4043
49.91406,54.1562,51.0293,57.1562,50.10938,53.3984,49.64844,54.5625
49.92188,54.1152,51.06641,57.0098,49.8457,53.4609,49.91406,54.1562
50.00391,53.9922,51.23828,57.1406,49.81055,53.1816,49.92188,54.1152
50.23828,53.5625,51.17773,57.6758,49.98828,53.1484,50.00391,53.9922
50.18164,53.2832,51.04883,58.002,50.30859,52.6328,50.23828,53.5625
50.12891,53.2695,51.34766,58.0488,50.26953,52.5469,50.18164,53.2832
49.97852,53.207,51.24219,58.459,50.4707,52.4844,50.12891,53.2695
50.00781,53.3223,51.61133,58.8203,50.23828,52.666,49.97852,53.207
49.95117,53.4609,51.49805,59.1953,50.34375,52.9258,50.00781,53.3223
50.00586,53.3027,51.47266,59.0996,50.34766,53.2383,49.95117,53.4609
50.0625,53.2598,51.125,58.6582,50,53.7148,50.00586,53.3027
49.93555,53.041,50.92383,58.168,50.0957,53.8457,50.0625,53.2598
49.99219,52.5098,50.89844,57.7227,50.07227,53.6582,49.93555,53.041
49.90039,52.4844,50.9707,57.4785,50.26953,53.5781,49.99219,52.5098
50.10938,52.7344,51.32031,56.8887,50.44727,53.8652,49.90039,52.4844
50.06445,53.0918,51.61328,56.2129,50.69727,54.2324,50.10938,52.7344
50.38867,53.1133,51.44531,55.5391,50.49414,54.6387,50.06445,53.0918
50.44727,52.918,51.58789,55.1484,50.54297,54.7402,50.38867,53.1133
50.32227,52.6172,51.56055,55.2871,50.53906,54.9336,50.44727,52.918
50.25391,52.2129,51.08398,55.3066,50.31445,55.1602,50.32227,52.6172
50.05469,52.5117,51.08594,55.6074,50.38672,54.9746,50.25391,52.2129
49.76953,52.4062,50.83203,56.3984,50.48242,54.9961,50.05469,52.5117
49.82227,52.5098,51.12695,56.8867,50.31445,54.2383,49.76953,52.4062
49.90234,52.332,51.30859,57.2168,50.42383,53.7402,49.82227,52.5098
49.91016,52.5703,51.06641,57.2168,50.26758,52.6621,49.90234,52.332
49.94336,52.5703,51.29883,56.8516,49.98828,52.3262,49.91016,52.5703
49.97461,52.3613,51.16992,56.8613,49.8418,52.4492,49.94336,52.5703
50.25195,52.1289,50.9375,56.9297,49.69727,52.8652,49.97461,52.3613
50.25977,52.3203,51.00781,56.9121,49.73828,52.9531,50.25195,52.1289
50.14062,52.4746,51.01367,57.0059,49.96094,52.8535,50.25977,52.3203
50.30469,52.5605,50.95703,57.5703,49.86523,52.252,50.14062,52.4746
50.41406,52.5625,51.03516,58.1367,49.97852,52.0547,50.30469,52.5605
50.70312,52.1934,51.05664,58.3652,50.30273,51.6484,50.41406,52.5625
50.49414,52.1953,50.86914,58.8418,50.20117,51.5176,50.70312,52.1934
50.58594,52.0586,51.23242,58.9492,50.24609,51.4727,50.49414,52.1953
50.12891,52.2422,51.04883,59.0176,50.07617,51.3926,50.58594,52.0586
50.01367,52.6035,50.96484,58.7949,50.34375,51.4043,50.12891,52.2422
50.05273,53.416,51.01758,58.707,50.17969,51.7324,50.01367,52.6035
50.22461,54.1406,51.00977,58.8926,50.34766,51.8223,50.05273,53.416
50.01562,54.5352,51.28711,59.5273,50.35547,51.6641,50.22461,54.1406
50.16016,54.9219,51.27148,60.2891,50.15234,51.8457,50.01562,54.5352
49.95703,55.1855,51.55469,60.6973,50.05859,51.6895,50.16016,54.9219
49.8418,55.5488,51.36523,61.4043,49.92188,51.7734,49.95703,55.1855
49.80664,55.4492,51.30859,61.0742,49.90625,51.8066,49.8418,55.5488
49.76562,55.8301,50.96289,60.2773,50.0332,51.6699,49.80664,55.4492
50.12109,55.7598,50.75,59.1914,50.27734,51.5391,49.76562,55.8301
50.15625,55.3086,50.52539,58.1758,50.07227,51.5215,50.12109,55.7598
50.47852,54.6973,50.80273,57.2871,50.19531,51.9277,50.15625,55.3086
50.22852,54.3223,50.8418,57.0137,50.37305,52.5215,50.47852,54.6973
50.16406,54.2227,50.99805,57.0059,50.51758,52.8535,50.22852,54.3223
50.13477,53.7988,50.88867,56.5469,50.37891,53.75,50.16406,54.2227
50.31055,53.6348,50.86523,56.4883,50.51172,53.9277,50.13477,53.7988
50.46094,53.7812,50.71289,56.877,50.32422,54.0703,50.31055,53.6348
50.58203,54.1855,50.52344,57.2812,50.11914,54.3242,50.46094,53.7812
50.34766,54.4746,51.07031,57.3965,49.82617,53.9004,50.58203,54.1855
50.47461,55.0215,51.24414,57.4492,49.65039,53.4355,50.34766,54.4746
50.41406,55.3105,51.46094,57.666,49.49219,52.8301,50.47461,55.0215
50.20898,55.0605,51.41406,57.4297,49.42969,52.0859,50.41406,55.3105
50.11914,54.2539,51.52148,57.3008,49.49414,51.959,50.20898,55.0605
49.96484,53.9102,51.21289,57.4668,49.72656,52.209,50.11914,54.2539
49.84961,53.6855,51.07227,58.0273,49.99219,52.4453,49.96484,53.9102
49.86719,53.4688,51.20703,58.7266,50.03516,53,49.84961,53.6855
50.40039,53.207,50.99023,59.5684,50.09766,53.3613,49.86719,53.4688
50.36328,52.6562,50.99414,60.0332,49.91992,53.0508,50.40039,53.207
50.32227,52.207,50.9375,60.3203,49.89844,52.8242,50.36328,52.6562
50.33203,52.1934,51.07031,59.5879,49.92969,52.5176,50.32227,52.207
50.3418,52.584,50.9043,58.6328,50.17383,52.2793,50.33203,52.1934
50.04297,52.9297,50.78516,57.8105,50.2832,52.0234,50.3418,52.584
49.9375,53.3867,50.77539,57.2188,50.16602,51.9727,50.04297,52.9297
49.93164,53.5215,50.875,57.2793,50.14062,52.2109,49.9375,53.3867
50.28906,53.3008,50.77148,57.6387,50.27344,52.0566,49.93164,53.5215
50.14648,53.1484,50.66406,58.0039,50.14453,52.291,50.28906,53.3008
50.33203,53.0371,50.87695,58.3184,50.17969,52.5508,50.14648,53.1484
50.35156,52.998,51.2832,58.3809,50.10352,52.4141,50.33203,53.0371
50.25977,52.7285,51.2207,58.0156,49.97852,52.3926,50.35156,52.998
50.28711,52.9414,51.59375,57.584,50.05273,52.6035,50.25977,52.7285
50.34375,53.1191,51.75781,57.3145,50.09961,53.1055,50.28711,52.9414
50.60938,53.5371,51.9668,57.8594,49.96484,53.3574,50.34375,53.1191
50.45898,53.4512,52.01953,58.0176,50.15625,53.7812,50.60938,53.5371
50.25586,53.5977,52.07031,58.1172,50.39062,54.0215,50.45898,53.4512
50.34766,53.9688,52.07227,57.9688,50.3418,54.7598,50.25586,53.5977
50.01172,53.7598,51.97852,57.8066,50.1582,54.9277,50.34766,53.9688
49.75977,53.8613,51.60742,57.7539,50.00781,54.6875,50.01172,53.7598
49.59375,54.0508,51.67578,57.7852,49.87695,54.1309,49.75977,53.8613
49.8125,54.2129,51.38281,57.7324,,,49.59375,54.0508
49.76367,54.2344,51.15625,57.5977,,,49.8125,54.2129
50.04492,54.7148,50.72656,57.834,,,49.76367,54.2344
50.32812,54.8203,50.37891,58.3477,,,50.04492,54.7148
50.39648,54.8555,50.30859,58.9355,,,50.32812,54.8203
50.12695,54.666,50.52734,59.2891,,,50.39648,54.8555
50.14844,54.8398,50.69531,59.0996,,,50.12695,54.666
49.84766,54.875,50.60156,58.9121,,,50.14844,54.8398
49.46484,54.8848,50.7793,58.8184,,,49.84766,54.875
49.69531,54.5684,50.89062,58.6367,,,49.46484,54.8848
49.84961,53.9648,50.92383,58.6309,,,49.69531,54.5684
49.87305,53.3164,51.23633,58.2715,,,49.84961,53.9648
50.01172,52.9297,51.4668,57.7969,,,49.87305,53.3164
50.11719,53.3281,51.63086,57.5781,,,50.01172,52.9297
50.17773,53.7461,51.94922,57.7051,,,50.11719,53.3281
50.36719,54.0039,51.92773,58.2148,,,50.17773,53.7461
50.25,53.998,51.80078,58.2461,,,50.36719,54.0039
50.44922,53.9609,51.54492,58.4258,,,50.25,53.998
50.37305,53.7031,51.34961,58.3301,,,50.44922,53.9609
50.43359,53.8887,51.11133,58.0391,,,50.37305,53.7031
50.29102,54.0391,50.86914,57.6523,,,50.43359,53.8887
50.33398,54.5332,50.85742,57.5703,,,50.29102,54.0391
50.16602,55.2031,50.78125,57.0684,,,50.33398,54.5332
50.03906,55.3281,50.95117,56.4531,,,50.16602,55.2031
50.13281,55.1621,50.97852,56.166,,,50.03906,55.3281
50.10938,54.5566,51.10352,55.707,,,50.13281,55.1621
49.91797,54.0176,51.44922,55.3867,,,50.10938,54.5566
49.89062,53.3477,51.43164,55.6641,,,49.91797,54.0176
50.14648,53.252,51.57812,55.7637,,,49.89062,53.3477
49.91016,53.125,51.54883,56.2793,,,50.14648,53.252
50.22656,52.8438,51.63867,56.9102,,,49.91016,53.125
50.42383,52.6582,51.56055,57.5332,,,50.22656,52.8438
50.27734,52.4395,51.3457,57.5195,,,50.42383,52.6582
50.08789,52.3691,51.06641,57.3203,,,50.27734,52.4395
50.0625,52.2578,50.96094,56.8984,,,50.08789,52.3691
49.91016,52.334,51.26172,56.1953,,,50.0625,52.2578
49.75586,52.1758,51.45703,55.4688,,,49.91016,52.334
50.11914,52.332,51.84766,54.8477,,,49.75586,52.1758
49.99609,52.6309,52.05859,54.2578,,,50.11914,52.332
49.99609,53.3711,52.06836,54.1738,,,49.99609,52.6309
49.84961,53.582,52.12695,54.3945,,,49.99609,53.3711
49.93164,53.4121,52.08203,54.7617,,,49.84961,53.582
49.80273,53.3496,51.26758,55.2441,,,49.93164,53.4121
49.6543,53.7559,51.11328,56.2969,,,49.80273,53.3496
50.00391,54.1348,50.87305,57.3438,,,49.6543,53.7559
50.12305,54.2559,51.01953,58.2891,,,50.00391,54.1348
50.35156,54.4492,50.95508,58.6621,,,50.12305,54.2559
50.27734,54.8379,51.05859,58.3496,,,50.35156,54.4492
49.69531,55.0156,50.99023,57.6055,,,50.27734,54.8379
50.02734,55.25,51.13477,57.4805,,,49.69531,55.0156
50.07227,55.1602,51.14648,56.9434,,,50.02734,55.25
50.25586,55.1445,50.88086,57.0312,,,50.07227,55.1602
50.5332,55.2363,51.33984,57.5371,,,50.25586,55.1445
50.58398,54.4844,51.36328,58.1973,,,,
50.50195,53.5703,51.43164,58.8926,,,,
50.14453,52.5078,51.24219,59.2559,,,,
50.23438,51.959,50.89062,59.041,,,,
50.12305,51.7539,50.49219,58.3477,,,,
49.86719,51.8398,50.74414,57.7852,,,,
50.02344,52.416,50.48828,57.5879,,,,
49.97852,53.207,50.50586,57.7578,,,,
50.23828,54.0293,50.47266,58.2539,,,,
50.39258,54.8008,50.69336,58.4297,,,,
50.49219,55.502,50.63281,58.9004,,,,
50.19727,55.5898,50.62695,59.5664,,,,
50.06641,55.252,50.72461,58.9766,,,,
50.00781,54.8633,51.00977,57.9883,,,,
50.12695,54.7773,51.36914,56.6641,,,,
50.42773,54.3359,51.50977,55.6484,,,,
50.75781,54.25,51.68164,54.9668,,,,
50.44141,54.2832,51.55273,55.0137,,,,
50.44336,54.5801,51.53906,55.3633,,,,
50.30273,54.6641,51.36523,55.8125,,,,
50.17578,54.4492,51.34766,56.5645,,,,
50.25195,54.0977,51.26758,57.2344,,,,
50.44727,53.5684,51.22266,57.6152,,,,
50.29492,53.1465,51.12109,57.8125,,,,
50.11719,52.5391,51.31836,57.9531,,,,
50.16406,52.2832,51.04883,57.8633,,,,
50.37305,52.166,50.97852,57.5684,,,,
50.75391,52.752,50.84375,57.5195,,,,
50.81445,53.3105,50.98828,57.5781,,,,
50.59961,53.5605,51.12695,57.3496,,,,
50.64453,53.7773,51.5918,57.0117,,,,
50.08203,53.584,51.60742,56.5918,,,,
50.34961,53.207,52.04883,56.1582,,,,
50.25781,53.2871,51.82227,56.2402,,,,
50.45703,53.373,51.83594,56.627,,,,
50.40039,53.6895,51.45312,57.1895,,,,
50.28906,54.1641,51.38477,57.5801,,,,
50.28711,54.7344,51.11719,57.7012,,,,
50.25586,54.7832,50.93164,57.6172,,,,
50.25391,54.3711,50.93945,57.6445,,,,
50.05273,54.1328,51.01953,57.3477,,,,
49.92383,54.0938,51.13086,57.291,,,,
50.22461,54.0586,51.28711,56.5645,,,,
50.20117,53.8867,51.36914,56.3477,,,,
50.45117,53.5391,51.21289,56.1309,,,,
50.51758,53.2949,51.12109,56.5,,,,
50.32422,53.1621,50.98242,56.5352,,,,
50.125,53.3301,51.11133,57.1328,,,,
50.32812,53.1484,51.18555,57.457,,,,
50.10742,53.4395,51.13477,58.1738,,,,
50.05664,53.3125,50.98633,58.6758,,,,
50.29492,53.541,50.89844,58.9922,,,,
50.25977,53.7285,50.66992,58.9883,,,,
50.02734,54.2285,50.44141,58.8984,,,,
49.83594,54.5645,50.63672,58.959,,,,
49.95508,54.875,50.69141,58.7988,,,,
49.77344,54.9922,51.10352,58.9004,,,,
49.98828,55.1523,51.14062,58.748,,,,
49.83984,54.9883,51.40039,58.6367,,,,
49.70508,54.6426,51.20117,58.1289,,,,
50.00586,54.002,51.08008,57.9824,,,,
50.01953,53.4199,51.13867,57.7539,,,,
50.12695,53.1758,51.00781,58.1875,,,,
50.02734,53.0059,51.47461,59.293,,,,
50.25,52.8477,51.37109,60.623,,,,
50.19727,52.6523,51.40039,61.7422,,,,
50.45312,52.2266,51.46289,61.9961,,,,
50.54102,52.5859,51.37695,61.877,,,,
50.35547,52.8301,51.22852,61.0332,,,,
50.44141,53.0898,51.00977,60.2188,,,,
50.16992,53.252,51.10938,58.8691,,,,
49.78125,53.5234,50.875,57.9688,,,,
50.04688,53.5938,50.92969,58.2129,,,,
50.13867,53.7715,50.76172,58.6152,,,,
50.26562,54.0938,50.56641,59.2402,,,,
50.27539,54.334,50.37695,59.5762,,,,
50.20312,54.8965,50.40039,59.3848,,,,
49.92773,55.3438,50.35742,58.873,,,,
49.86523,55.6973,50.74609,58.2617,,,,
49.66992,55.4551,50.94922,57.6699,,,,
49.67969,54.5703,51.20117,57.293,,,,
49.77344,53.9238,51.56055,57.2441,,,,
49.70703,53.3477,51.73047,57.6348,,,,
49.79688,53.1035,51.87695,58.4395,,,,
49.99805,53.3496,51.94922,58.9531,,,,
50.17773,53.9082,52.28906,59.2324,,,,
50.23633,54.082,52.20703,59.0449,,,,
50.31641,54.8867,51.83203,58.8867,,,,
50.23047,55.2793,51.39648,58.8711,,,,
50.46289,55.2988,51.14453,58.752,,,,
50.17969,55.166,50.85938,58.9961,,,,
50.26953,55.3379,51.03711,59.3164,,,,
50.10156,55.4785,51.26562,59.8984,,,,
49.99805,55.7266,51.28906,60.375,,,,
49.95508,56.3027,51.23438,60.8496,,,,
49.88867,56.6035,51.4043,60.8086,,,,
49.95117,56.2734,51.2207,60.2871,,,,
49.97656,55.5742,51.24023,59.0703,,,,
49.94727,55.0762,51.76367,58.168,,,,
,,51.94922,57.375,,,,
,,51.69922,57.3965,,,,
,,51.9707,57.6094,,,,
,,51.33984,57.3047,,,,
,,51.0332,57.0508,,,,
,,50.79688,57.1055,,,,
,,50.41016,57.2598,,,,
,,50.6582,58.0762,,,,
,,50.60938,59.0234,,,,
,,50.78711,59.7422,,,,
,,50.97461,60.1035,,,,
,,51.1582,60.3867,,,,
,,51.29102,60.3105,,,,
,,51.50781,60.2715,,,,
,,51.69141,59.959,,,,
,,51.79102,60.2266,,,,
,,51.26367,60.5684,,,,
,,51.16602,60.7051,,,,
,,50.97852,60.6895,,,,
,,50.67773,60.5078,,,,
,,50.54102,60.748,,,,
,,50.70898,61.0742,,,,
,,50.44531,61.3105,,,,
,,50.57227,61.0371,,,,
,,50.39648,60.5449,,,,
,,50.36328,60.334,,,,
,,50.64258,60.1289,,,,
,,51.10547,59.8164,,,,
,,51.65234,59.957,,,,
,,51.4707,60.0117,,,,
,,51.32422,60.2227,,,,
,,50.94141,60.5254,,,,
,,51.00977,60.5703,,,,
,,50.86328,60.1914,,,,
,,51.20703,59.4766,,,,
,,51.5,59.7305,,,,
,,51.61328,59.9141,,,,
,,51.68945,60.2324,,,,
,,51.52344,60.0879,,,,
,,51.18555,59.6992,,,,
,,51.39648,59.7012,,,,
,,51.58008,59.8066,,,,
,,51.29102,59.7969,,,,
,,51.39062,59.5098,,,,
,,51.29492,59.7832,,,,
,,51.12305,59.7793,,,,
,,50.89062,59.668,,,,
,,50.92188,59.9473,,,,
,,50.91602,59.5039,,,,
,,51.03516,59.6172,,,,
,,50.96094,59.2109,,,,
,,51.00391,58.8867,,,,
,,50.77344,58.4062,,,,
,,50.68555,58.1641,,,,
,,50.62891,58.0762,,,,
,,50.75195,58.4023,,,,
,,50.81836,58.5176,,,,
,,51.06641,58.7363,,,,
,,51.06836,58.7188,,,,
,,50.99219,59.0742,,,,
,,50.81641,59.2344,,,,
,,50.88086,59.75,,,,
,,50.87109,59.9062,,,,
,,51.04102,60.3184,,,,
,,50.85547,60.4902,,,,
,,50.91797,60.8926,,,,
,,50.93164,60.7344,,,,
,,50.89648,60.9609,,,,
,,50.88086,60.8125,,,,
,,50.73438,60.5254,,,,
,,50.89648,59.832,,,,
,,50.84766,59.3457,,,,
,,50.80273,58.9629,,,,
,,51.1543,59.1465,,,,
,,51.02344,59.0449,,,,
,,51.00195,59.248,,,,
,,50.79883,59.3555,,,,
,,50.64648,59.7988,,,,
,,50.70312,60.625,,,,
,,50.60156,61.6582,,,,
,,50.64062,62.3203,,,,
,,50.96289,62.998,,,,
,,51.25195,62.9746,,,,
,,51.20508,62.7656,,,,
,,51.38672,62.2461,,,,
,,51.11719,61.5527,,,,
,,51.04102,61.1328,,,,
,,51.13672,61.3262,,,,
,,51.20508,61.582,,,,
,,51.17578,61.9141,,,,
,,51.24805,61.7539,,,,
,,50.95703,61.7734,,,,
,,50.87109,62.1582,,,,
,,50.9375,62.3086,,,,
,,50.86133,62.0098,,,,
,,51.2793,61.8535,,,,
,,51.33008,61.5078,,,,
,,51.75781,61.1465,,,,
,,51.78516,60.6699,,,,
,,51.69336,60.1387,,,,
,,51.83789,60.541,,,,
,,52.15625,60.5,,,,
,,51.86328,60.1855,,,,
,,51.9375,59.5156,,,,
,,51.74609,59.3223,,,,
,,51.43164,59.1367,,,,
,,51.375,59.5605,,,,
,,51.05664,60.3789,,,,
,,51.07812,60.7266,,,,
,,51.39062,60.4238,,,,
,,51.10156,59.9297,,,,
,,51.04492,59.0625,,,,
,,51.22266,58.7109,,,,
,,50.94922,58.9297,,,,
,,51.27734,59.4473,,,,
,,51.08789,59.9531,,,,
,,51.30469,60.9531,,,,
,,51.17578,61.6758,,,,
,,51.26953,62.3613,,,,
,,51.05078,62.6582,,,,
,,51.07617,62.6445,,,,
,,51.17969,62.1758,,,,
,,50.95703,62.0273,,,,
,,51.0957,62.5078,,,,
,,51.23438,62.6367,,,,
,,51.35156,61.9648,,,,
,,51.4707,61.4375,,,,
,,51.38086,61.1875,,,,
,,51.29297,61.4766,,,,
,,51.08008,61.6621,,,,
,,50.9082,61.2676,,,,
,,50.83398,60.8906,,,,
,,50.88672,60.6914,,,,
,,50.90625,60.5195,,,,
,,50.87109,60.1523,,,,
,,50.86914,59.9648,,,,
,,50.98242,59.625,,,,
,,50.68945,59.1582,,,,
,,50.71289,58.7363,,,,
,,50.79492,58.4922,,,,
,,51.12695,58.5215,,,,
,,51.29297,59.166,,,,
,,51.43555,59.7715,,,,
,,51.17773,60.3652,,,,
,,51.21484,60.4434,,,,
,,51.13477,60.1973,,,,
,,51.15039,59.8184,,,,
,,51.08789,59.4863,,,,
,,51.11328,60.0996,,,,
,,50.94336,61.3496,,,,
,,50.63672,62.6094,,,,
,,50.50586,62.8809,,,,
,,50.42188,63.2012,,,,
,,50.39062,62.4668,,,,
,,50.58594,61.9902,,,,
,,50.83789,61.3652,,,,
,,50.83984,61.0195,,,,
,,51.00586,59.7773,,,,
,,51.2168,59.2422,,,,
,,51.38281,58.6855,,,,
,,51.44531,59.1973,,,,
,,51.71484,59.7031,,,,
,,51.6875,60.0332,,,,
,,51.45703,60.3887,,,,
,,51.58984,61.3379,,,,
,,51.16406,61.4355,,,,
,,51.10352,60.5977,,,,
,,51.19531,59.7051,,,,
,,51.23438,58.709,,,,
,,51.03125,57.8262,,,,
,,50.78125,57.7246,,,,
,,50.72266,58.1504,,,,
,,50.6543,58.6582,,,,
,,50.5293,59.2422,,,,
,,50.5957,59.457,,,,
,,50.87305,59.7559,,,,
,,50.68164,59.8809,,,,
,,50.85547,60.1992,,,,
,,50.91992,60.1758,,,,
,,50.92578,60.4121,,,,
,,50.96289,60.2637,,,,
,,51.00781,59.9043,,,,
,,51.33203,59.4727,,,,
,,51.29492,58.9824,,,,
,,51.37695,58.9023,,,,
,,51.51172,59.0508,,,,
,,51.19727,59.8125,,,,
,,51.3125,60.2188,,,,
,,51.14453,60.6895,,,,
,,51.32227,60.793,,,,
,,51.22266,61.0488,,,,
,,51.31836,60.9844,,,,
,,51.41211,61.6094,,,,
,,51.21289,61.9316,,,,
,,51.36328,62.4707,,,,
,,51.48047,62.7617,,,,
,,51.24805,62.5,,,,
,,51.13867,62.0098,,,,
,,51.32227,62.082,,,,
,,51.09375,62.0918,,,,
,,50.78516,61.5918,,,,
,,50.67383,60.9844,,,,
,,50.81641,60.4199,,,,
,,50.80664,60.2988,,,,
,,51.08398,60.5723,,,,
,,51.05664,60.9062,,,,
,,51.23633,59.7832,,,,
,,51.24219,59.0879,,,,
,,51.23633,58.4082,,,,
,,51.31055,58.543,,,,
,,51.36523,58.7598,,,,
,,51.24219,60.293,,,,
,,51.43555,62.1914,,,,
,,51.50195,64.0391,,,,
,,51.4375,65.0078,,,,
,,51.36328,64.875,,,,
,,51.42578,64.3594,,,,
,,51.35156,63.5723,,,,
,,51.44141,62.666,,,,
,,51.39062,61.3906,,,,
,,51.22656,60.9141,,,,
,,51.29492,60.7109,,,,
,,51.27344,60.4648,,,,
,,51.04883,60.0684,,,,
,,50.91406,59.3398,,,,
,,50.79102,58.7715,,,,
,,50.68555,58.0332,,,,
,,50.74414,57.6016,,,,
,,50.68555,57.3887,,,,
,,50.77148,57.8691,,,,
,,50.44141,58.25,,,,
,,50.76172,59.043,,,,
,,50.94336,59.6738,,,,
,,50.84375,60.0938,,,,
,,51.02344,60.2441,,,,
,,51.03906,60.5566,,,,
,,51.19336,60.7031,,,,
,,51.23633,60.498,,,,
,,51.13477,60.3945,,,,
,,51.32812,59.9004,,,,
,,50.86133,60.0293,,,,
,,51.0625,60.0293,,,,
,,51.18945,59.8418,,,,
,,50.97461,60.0488,,,,
,,50.88281,60.1348,,,,
,,50.76953,60.5625,,,,
,,50.51367,61.4648,,,,
,,50.66992,62.1211,,,,
,,50.59375,62.4844,,,,
,,50.69141,62.8672,,,,
,,51.06445,63.0312,,,,
,,51.08594,62.4336,,,,
,,51.06836,61.9961,,,,
,,51.08984,61.5137,,,,
,,50.96289,61.0625,,,,
,,51.05273,60.7773,,,,
,,50.82617,60.5156,,,,
,,50.95117,60.5645,,,,
,,51.10742,60.6836,,,,
,,50.9707,60.7969,,,,
,,51.2207,60.6816,,,,
,,51.16602,60.8516,,,,
,,51.20117,60.7441,,,,
,,51.21875,60.1328,,,,
,,51.18555,59.8848,,,,
,,51.26562,60.0586,,,,
,,51.14648,59.7969,,,,
,,51.04688,60.1328,,,,
,,51.05469,60.4004,,,,
,,50.7832,60.7793,,,,
,,50.83398,61.1191,,,,
,,50.76367,61.6172,,,,
,,50.69922,61.4805,,,,
,,50.6543,61.0918,,,,
,,50.98438,60.3223,,,,
,,51.23438,59.5312,,,,
,,51.16992,58.7617,,,,
,,51.47461,58.5078,,,,
,,51.57227,58.4863,,,,
,,50.95898,58.4121,,,,
,,51.25195,57.7891,,,,
,,51.49414,57.9941,,,,
,,51.65039,57.8105,,,,
,,51.76953,58.2734,,,,
,,51.94141,59.2441,,,,
,,51.74609,59.9277,,,,
,,51.45703,60.8457,,,,
,,51.33008,61.2617,,,,
,,51.25586,61.291,,,,
,,51.13281,61.252,,,,
,,50.82617,61.0117,,,,
,,50.92969,60.5176,,,,
,,51.08594,59.9336,,,,
,,51.16016,59.5977,,,,
,,50.92188,59.0273,,,,
,,50.91406,58.5469,,,,
,,50.73828,58.8164,,,,
,,50.69727,58.7559,,,,
,,50.63867,58.8594,,,,
,,50.58008,58.6426,,,,
,,50.75977,58.2324,,,,
,,50.97852,58.0293,,,,
,,51.25586,57.7461,,,,
,,51.42773,57.8848,,,,
,,51.62891,57.9551,,,,
,,51.57227,58.6152,,,,
,,51.38867,59.0723,,,,
,,51.24609,59.1855,,,,
,,51.47656,59.1582,,,,
,,51.19727,58.8828,,,,
,,50.94141,58.5723,,,,
,,50.75781,58.4336,,,,
,,50.8418,58.7363,,,,
,,50.71875,58.9609,,,,
,,51.08008,59.3105,,,,
,,51.21484,60.4141,,,,
,,51.42969,62.0762,,,,
,,51.69141,62.9355,,,,
,,51.70117,63.1328,,,,
,,51.52734,63.2461,,,,
,,51.16602,63.5801,,,,
,,51.06445,63.4316,,,,
,,50.94531,62.9902,,,,
,,51.07617,62.7422,,,,
,,50.79102,62.5,,,,
,,50.9707,62.0156,,,,
,,51.20508,61.7891,,,,
,,51.28516,61.8086,,,,
,,51.31055,61.7344,,,,
,,51.18945,61.8398,,,,
,,51.30664,61.6855,,,,
,,51.18945,61.2988,,,,
,,51.23242,60.623,,,,
,,51.18359,60.2285,,,,
,,51.30664,60.082,,,,
,,51.19922,60.373,,,,
,,51.06055,60.5176,,,,
,,51.01172,60.75,,,,
,,51.26953,60.8418,,,,
,,51.35742,60.9434,,,,
,,51.17383,61.0234,,,,
,,51.23242,60.916,,,,
,,51.17383,60.7988,,,,
,,50.91602,60.6953,,,,
,,50.85742,61.0938,,,,
,,51.05273,61.709,,,,
,,50.95508,61.752,,,,
,,51.12109,62.0625,,,,
,,51.28711,61.5566,,,,
,,51.18555,61.0312,,,,
,,51.52148,60.5449,,,,
,,51.60352,60.2383,,,,
,,51.63281,60.0488,,,,
,,51.89062,60.6074,,,,
,,52.01367,61.3262,,,,
,,51.68164,62.1309,,,,
,,51.52734,62.6035,,,,
,,51.14258,62.3652,,,,
,,50.68945,61.6426,,,,
,,50.72461,60.8359,,,,
,,50.58008,60.459,,,,
,,50.63867,60.1875,,,,
,,50.68945,60.207,,,,
,,50.88086,60.7461,,,,
,,51.00977,61.5898,,,,
,,51.02148,62.168,,,,
,,50.82812,62.2441,,,,
,,50.59961,61.9746,,,,
,,50.81055,61.8965,,,,
,,50.83008,62.0449,,,,
,,50.78516,61.7344,,,,
,,50.86133,61.3613,,,,
,,50.90039,60.5332,,,,
,,50.82422,59.6484,,,,
,,51.16406,58.9434,,,,
,,51.26953,58.7246,,,,
,,51.125,58.916,,,,
,,51.14062,58.6992,,,,
,,51.10938,58.9297,,,,
,,50.79688,59.6895,,,,
,,50.64844,60.4492,,,,
,,50.87305,60.9492,,,,
,,51.26562,61.4824,,,,
,,51.29492,61.4238,,,,
,,51.32422,61.2246,,,,
,,51.39453,61.1914,,,,
,,51.52148,60.9492,,,,
,,51.75586,61.0527,,,,
,,51.31055,60.9941,,,,
,,51.38477,60.7266,,,,
,,51.31836,60.3418,,,,
,,51.16797,60.0078,,,,
,,51.00977,59.9844,,,,
,,51.21875,59.9102,,,,
,,50.94727,60.1211,,,,
,,50.77539,60.1621,,,,
,,50.6543,60.4434,,,,
,,50.52148,60.4395,,,,
,,50.51953,60.5234,,,,
,,50.67773,60.5742,,,,
,,50.83789,60.207,,,,
,,50.8125,59.7852,,,,
,,51.10938,59.6289,,,,
,,51.42188,59.5176,,,,
,,51.44922,59.7949,,,,
,,51.62109,60.5078,,,,
,,51.41602,60.7324,,,,
,,51.33398,60.832,,,,
,,51.13672,60.5527,,,,
,,51.01758,59.7598,,,,
,,50.625,58.7949,,,,
,,50.53711,58.4883,,,,
,,50.60547,58.1816,,,,
,,50.35547,58.0977,,,,
,,50.75195,57.6953,,,,
,,50.81055,57.4004,,,,
,,50.6875,57.2949,,,,
,,50.7832,57.3789,,,,
,,50.98438,57.6504,,,,
,,51.2168,58.0293,,,,
,,51.2832,58.209,,,,
,,51.06836,58.6191,,,,
,,51.15039,59.6406,,,,
,,51.21289,60.752,,,,
,,50.91211,62.0664,,,,
,,50.92578,63.4004,,,,
,,50.98047,63.7891,,,,
,,50.68945,62.9414,,,,
,,50.45898,61.9941,,,,
,,50.60938,60.7578,,,,
,,50.22461,60.5996,,,,
,,50.0918,61.084,,,,
,,50.05469,61.3105,,,,
,,49.97461,61.1543,,,,
,,50.00195,61.3262,,,,
,,50.60352,61.9121,,,,
,,50.67773,62.1367,,,,
,,50.95312,62.9648,,,,
,,51.09375,63.7012,,,,
,,51.04883,63.8125,,,,
,,51.00195,63.6094,,,,
,,51.30078,63.6348,,,,
,,51.18555,63.3633,,,,
,,51.07031,63.1172,,,,
,,50.81445,62.9727,,,,
,,50.76172,62.707,,,,
,,50.86914,62.4688,,,,
,,50.92969,62.2344,,,,
,,51.07422,62.1191,,,,
,,51.2168,61.9492,,,,
,,50.91406,62.4766,,,,
,,50.90234,62.7988,,,,
,,50.75391,63.2871,,,,
,,50.89453,62.9062,,,,
,,51.02539,62.2344,,,,
,,51.20703,61.4883,,,,
,,51.44922,60.4531,,,,
,,51.55664,59.0215,,,,
,,51.27734,58.502,,,,
,,51.125,58.6191,,,,
,,50.96484,59.2812,,,,
,,51.00195,60.2422,,,,
,,51.03711,60.8965,,,,
,,51.10938,61.543,,,,
,,51.125,62.0371,,,,
,,51.21875,62.5195,,,,
,,51.03906,62.8379,,,,
,,50.76172,62.6426,,,,
,,50.56641,62.8359,,,,
,,50.70508,62.6582,,,,
,,50.53516,62.332,,,,
,,50.90625,62.1777,,,,
,,50.86328,61.875,,,,
,,51.10352,61.7109,,,,
,,51.27734,61.168,,,,
,,51.37891,61.3242,,,,
,,51.39648,61.4004,,,,
,,51.66797,61.5625,,,,
,,51.48828,61.5742,,,,
,,51.79883,61.1641,,,,
,,51.38477,60.7832,,,,
,,51.28125,60.832,,,,
,,51.14453,61.4922,,,,
,,51.30078,61.9102,,,,
,,51.23438,61.8848,,,,
,,51.32617,61.6934,,,,
,,51.3125,61.0234,,,,
,,51.24414,60.3867,,,,
,,51.3418,60.0703,,,,
,,51.3125,60.0879,,,,
,,51.2168,59.8926,,,,
,,50.72852,59.9609,,,,
,,50.83789,59.9062,,,,
,,50.63281,60.1309,,,,
,,50.62695,60.2617,,,,
,,50.99219,61.3418,,,,
,,51.28125,61.8184,,,,
,,51.36523,61.8086,,,,
,,51.57031,61.7969,,,,
,,51.83984,61.6855,,,,
,,51.89844,61.4199,,,,
,,51.80273,61.2305,,,,
,,51.66797,60.7305,,,,
,,51.36523,60.252,,,,
,,51.09375,60.4297,,,,
,,51.25586,60.0488,,,,
,,50.82422,60.1758,,,,
,,51.13867,59.8555,,,,
,,51.50195,60.1094,,,,
,,51.53711,59.7559,,,,
,,51.63867,59.2109,,,,
,,51.33008,58.8242,,,,
,,51.2832,58.5371,,,,
,,51.36328,58.4785,,,,
,,51.3457,59.0176,,,,
,,51.19922,59.4316,,,,
,,51.18555,59.8496,,,,
,,51.3418,60.3887,,,,
,,51.18164,60.3867,,,,
,,51.22266,60.7031,,,,
,,51.39258,60.6523,,,,
,,51.36719,60.9941,,,,
,,51.32812,61.041,,,,
,,51.18164,61.6035,,,,
,,51.17773,61.3887,,,,
,,51.14062,61.3086,,,,
,,51.31641,60.9375,,,,
,,51.54297,60.6719,,,,
,,51.54492,61.1465,,,,
,,51.76562,62.1875,,,,
,,51.83984,63.0137,,,,
,,51.87695,62.9453,,,,
,,51.59766,62.4688,,,,
,,51.39844,61.8984,,,,
,,51.34766,61.7832,,,,
,,51.05859,61.8184,,,,
,,50.95312,62.3359,,,,
,,50.82031,62.8887,,,,
,,51.0625,62.9922,,,,
,,50.78125,62.6543,,,,
,,50.66602,62.0391,,,,
,,50.66797,61.5781,,,,
,,50.95117,61.3555,,,,
,,51.0957,61.5215,,,,
,,51.47461,61.8281,,,,
,,51.54688,62.0859,,,,
,,51.50195,62.1738,,,,
,,51.4707,62.3691,,,,
,,51.47852,62.377,,,,
,,51.50391,62.084,,,,
,,51.43359,61.7285,,,,
,,51.43945,61.252,,,,
,,51.08008,60.7715,,,,
,,51.0332,60.2734,,,,
,,50.91211,60.582,,,,
,,50.94922,60.207,,,,
,,51.1875,60.3164,,,,
,,51.58008,60.9121,,,,
,,51.52734,61.9297,,,,
,,51.29688,62.4648,,,,
,,51.39258,62.7402,,,,
,,51.34375,62.6387,,,,
,,50.88672,62.627,,,,
,,50.98633,62.668,,,,
,,51.18945,62.1621,,,,
,,51.01367,61.7793,,,,
,,50.7832,61.584,,,,
,,51.08398,61.627,,,,
,,51.13867,61.3691,,,,
,,51.25781,61.168,,,,
,,51.20703,60.7305,,,,
,,51.32812,60.2266,,,,
,,51.39453,59.5273,,,,
,,51.64648,59.1426,,,,
,,51.67578,58.8027,,,,
,,51.45703,59.5879,,,,
,,51.24609,60.2617,,,,
,,51.06055,61.1992,,,,
,,50.79492,61.6758,,,,
,,51.13086,61.5645,,,,
,,50.94141,61.9727,,,,
,,51.05078,61.8828,,,,
,,51.19336,61.8379,,,,
,,51.37891,61.1309,,,,
,,51.14062,60.5234,,,,
,,51.42383,60.0664,,,,
,,51.2168,59.8105,,,,
,,51.13281,59.9297,,,,
,,50.89453,59.9414,,,,
,,50.46289,60.2676,,,,
,,50.25586,61.0078,,,,
,,50.20117,61.582,,,,
,,49.95117,62.668,,,,
,,50,63.3418,,,,
,,50.33984,63.7559,,,,
,,50.32812,63.7148,,,,
,,50.61523,63.3828,,,,
,,50.79883,62.9121,,,,
,,50.64453,62.6582,,,,
,,50.80859,62.0195,,,,
,,50.88867,61.7324,,,,
,,51.11328,61.541,,,,
,,51.08398,61.6133,,,,
,,51.12891,61.6543,,,,
,,51.25781,61.8164,,,,
,,50.90625,62.1367,,,,
,,50.67969,62.2188,,,,
,,50.57617,62.0332,,,,
,,50.53711,61.918,,,,
,,50.47656,61.8867,,,,
,,50.51172,62.0977,,,,
,,50.86914,62.5312,,,,
,,51.0625,62.4863,,,,
,,50.86328,62.5996,,,,
,,51.32031,62.6953,,,,
,,51.50195,62.9648,,,,
,,51.62695,62.6602,,,,
,,51.85547,63.0234,,,,
,,51.70508,63.0566,,,,
,,51.51367,63.1016,,,,
,,51.25,62.0137,,,,
,,51.07617,61.3789,,,,
,,50.7168,60.8984,,,,
,,50.33008,60.6777,,,,
,,50.23047,60.4102,,,,
,,50.23633,60.0918,,,,
,,50.35352,60.3027,,,,
,,50.20117,60.6934,,,,
,,50.61133,61.2148,,,,
,,50.31445,61.8633,,,,
,,50.83008,62.252,,,,
,,51.18164,62.2949,,,,
,,51.24414,62.5977,,,,
,,51.57031,62.8574,,,,
,,51.78711,62.6562,,,,
,,51.67188,63.875,,,,
,,51.45312,64.5117,,,,
,,51.52148,64.4766,,,,
,,51.24023,63.9785,,,,
,,50.90039,63.1641,,,,
,,50.68555,62.7207,,,,
,,50.38281,62.2402,,,,
,,50.24805,61.875,,,,
,,50.00977,62.0742,,,,
,,50.33789,62.3535,,,,
,,50.61719,62.4434,,,,
,,51.12109,62.2285,,,,
,,51.41992,61.4453,,,,
,,51.26172,60.4766,,,,
,,51.14648,59.7227,,,,
,,50.69141,59.2734,,,,
,,50.62109,59.5547,,,,
,,50.39258,59.6816,,,,
,,50.48828,59.6934,,,,
,,50.70508,60.3203,,,,
,,50.99023,60.4316,,,,
,,51.31445,60.8457,,,,
,,51.36719,61.0332,,,,
,,51.48633,60.9766,,,,
,,51.38281,60.7715,,,,
,,51.21875,60.7148,,,,
,,51.3125,60.6348,,,,
,,51.20898,60.4414,,,,
,,50.80664,60.9062,,,,
,,50.73438,61.043,,,,
,,50.71094,61.5391,,,,
,,50.49805,62.1719,,,,
,,50.64258,62.7852,,,,
,,51.02539,62.8535,,,,
,,51.21094,63.4648,,,,
,,51.16797,63.752,,,,
,,51.67383,63.6875,,,,
,,51.42969,62.834,,,,
,,51.14844,62.3945,,,,
,,50.68555,61.7656,,,,
,,49.99023,61.541,,,,
,,49.80469,61.543,,,,
,,49.99219,61.875,,,,
,,50.07812,62.5098,,,,
,,50.19141,63.4492,,,,
,,50.35156,64.0527,,,,
,,50.42773,64.3145,,,,
,,50.53125,64.7852,,,,
,,50.59766,64.9297,,,,
,,50.84766,64.5938,,,,
,,50.91211,63.7578,,,,
,,50.87305,63.2695,,,,
,,50.91406,62.5137,,,,
,,51.20117,61.4688,,,,
,,51.0293,60.7266,,,,
,,51.0332,60.3945,,,,
,,51.06055,60.9551,,,,
,,50.7793,61.2031,,,,
,,50.7207,62.125,,,,
,,50.75586,62.5898,,,,
,,51.09961,62.7617,,,,
,,51.35938,62.6074,,,,
,,51.69336,62.7422,,,,
,,51.89453,62.3027,,,,
,,51.92578,62.1016,,,,
,,51.73047,61.5527,,,,
,,51.70508,61.6387,,,,
,,51.80664,62.1504,,,,
,,51.82227,62.7344,,,,
,,52.01172,62.5059,,,,
,,52.14258,62.3887,,,,
,,51.99414,62.123,,,,
,,51.67188,61.875,,,,
,,52.04102,61.4648,,,,
,,51.91602,61.6152,,,,
,,51.77539,61.1875,,,,
,,51.48438,61.2168,,,,
,,51.49609,61.2227,,,,
,,51.14844,60.8203,,,,
,,51.23633,60.9688,,,,
,,51.06641,61.4727,,,,
,,50.99023,61.7461,,,,
,,51.10938,62.5156,,,,
,,51.29688,63.0273,,,,
,,51.4707,63.2207,,,,
,,51.12109,63.1484,,,,
,,51.34375,63.2578,,,,
,,51.20898,62.9453,,,,
,,51.5,62.6738,,,,
,,51.48242,62.3184,,,,
,,51.45898,62.0254,,,,
,,51.43164,61.8613,,,,
,,51.29688,62.0566,,,,
,,51.04688,62.1562,,,,
,,50.76953,62.4551,,,,
,,50.98828,62.5762,,,,
,,50.64453,62.875,,,,
,,50.73242,62.918,,,,
,,50.57617,62.6738,,,,
,,50.92578,62.5273,,,,
,,51.02344,62.0547,,,,
,,50.96289,62.0527,,,,
,,51.13867,61.6504,,,,
,,51.30859,61.8867,,,,
,,51.27148,61.8789,,,,
,,51.44141,62.9297,,,,
,,51.47461,63.834,,,,
,,51.47656,64.5352,,,,
,,51.09375,64.4199,,,,
,,50.99414,63.2734,,,,
,,50.82812,62.502,,,,
,,50.98828,62.2383,,,,
,,51.10156,61.8105,,,,
,,51.5332,61.7324,,,,
,,51.48047,61.0859,,,,
,,51.56445,60.1895,,,,
,,51.55664,59.7266,,,,
,,51.44922,59.8867,,,,
